courseCode,courseName
CS 1100,Freshman Leap Seminar
CS 1171,Computing in MATLAB
CS 1301,Intro to Computing
CS 1315,Intro Media Computation
CS 1316,Rep Structure & Behavior
CS 1331,Intro-Object Orient Prog
CS 1332,Data Struct & Algorithms
CS 1371,Computing for Engineers
CS 1372,Program Design for Engrs
CS 1801,Special Topics
CS 1802,Special Topics
CS 1803,Special Topics
CS 1804,Special Topics
CS 1805,Special Topics
CS 1XXX,Computer Sci Elective
CS 2050,Intro Discrete Math CS
CS 2051,Honors Discrete Math CS
CS 2110,Computer Organiz&Program
CS 2200,Systems and Networks
CS 2261,Media Device Architectur
CS 2316,Data Input/Manipulation
CS 2335,Software Practicum
CS 2340,Objects and Design
CS 2345,Adv Practical O-O Prog
CS 2600,Knowledge Rep & Process
CS 2698,Research Assistantship
CS 2699,Undergraduate Research
CS 2701,Startup Lab
CS 2801,Special Topics
CS 2802,Special Topics
CS 2803,Special Topics
CS 2804,Special Topics
CS 2805,Special Topics
CS 2XXX,Computer Sci Elective
CS 3101,Comp Sci Ventures
CS 3210,Design-Operating Systems
CS 3220,Processor Design
CS 3240,Languages and Computation
CS 3251,Computer Networking I
CS 3300,Intro to Software Engr
CS 3311,Project Design
CS 3312,Project Implementation
CS 3451,Computer Graphics
CS 3510,Dsgn&Analysis-Algorithms
CS 3511,Algorithms Honors
CS 3600,Intro-Artificial Intell
CS 3630,Intro-Perception&Robotic
CS 3651,Prototyping Intell Appl
CS 3743,Emerging Technologies
CS 3750,User Interface Design
CS 3790,Intro-Cognitive Science
CS 3801,Special Topics
CS 3802,Special Topics
CS 3803,Special Topics
CS 3804,Special Topics
CS 3805,Special Topics
CS 3XXX,Computer Sci
CS 4001,Computing & Society
CS 4002,Robots and Society
CS 4005,Next Gen Computing Tech
CS 4010,Intro to Computer Law
CS 4052,Systems Analysis& Design
CS 4057,Bus Process Analy&Design
CS 4210,Adv Operating Systems
CS 4220,Embedded Systems
CS 4233,Parallel Comp Arch
CS 4235,Intro to Info Security
CS 4237,Comp & Network Security
CS 4240,Compilers & Interpreters
CS 4245,Intro Data Mining & Anal
CS 4251,Computer Networking II
CS 4255,Intro-Network Management
CS 4260,Telecommunications Sys
CS 4261,Mobile Apps & Svcs
CS 4270,Data Communications Lab
CS 4280,Survey-Telecom & the Law
CS 4290,Advanced Computer Org
CS 4320,Software Processes
CS 4330,Software Applications
CS 4342,Software Generation
CS 4365,Intro Enterprise Comp
CS 4392,Programming Languages
CS 4400,Intr to Database Systems
CS 4420,Database Sys Implement
CS 4432,Information Systems Dsgn
CS 4440,Database Technologies
CS 4452,Human-Centered Computing
CS 4455,Video Game Design
CS 4460,Intro Info Visualization
CS 4464,Computational Journalism
CS 4470,User Interface Software
CS 4472,Design of Online Comm
CS 4475,Comp Photography
CS 4476,Intro to Computer Vision
CS 4480,Digital Video Special FX
CS 4495,Computer Vision
CS 4496,Computer Animation
CS 4510,Automata and Complexity
CS 4520,Approximation Algs
CS 4530,Randomized Algs
CS 4540,Advanced Algs
CS 4550,Scientific Visualization
CS 4560,Verification of Systems
CS 4590,Computer Audio
CS 4605,Mobile&Ubiquitous Comp
CS 4611,AI Problem Solving
CS 4613,Knowledge Systems Engr
CS 4615,Knowledge-Based Modl&Dgn
CS 4616,Pattern Recognition
CS 4622,Case-Based Reasoning
CS 4625,Intel & Interactive Sys
CS 4632,Adv Intelligent Robotics
CS 4635,Knowledge-Based AI
CS 4641,Machine Learning
CS 4646,Mach Learn for Trading
CS 4649,Robot Intelli Planning
CS 4650,Natural Language
CS 4660,Educational Technology
CS 4665,Educ Tech: Dsgn & Eval
CS 4670,CSCL
CS 4675,Internet Sys & Services
CS 4685,Pervasive Sys Networking
CS 4690,Empirical Methods in HCI
CS 4698,Research Assistantship
CS 4699,Undergraduate Research
CS 4710,CS for Bioinformatics
CS 4725,Info Security Policies
CS 4726,Privacy Tech Policy Law
CS 4731,Game AI
CS 4741,Int Mgt Dev - Proj Prep
CS 4742,Comp & Mgt Cap Proj
CS 4745,Info&Com Tech&Global Dev
CS 4752,Phil Issues-Computation
CS 4770,Mixed Reality Design
CS 4791,Integrative Proj-Cog Sci
CS 4792,Dsgn Proj-Cognitive Sci
CS 4793,Perspectives-Cog Science
CS 4801,Special Topics
CS 4802,Special Topics
CS 4803,Special Topics
CS 4804,Special Topics
CS 4805,Special Topics
CS 4853,Special Topics
CS 4893,Special Topics
CS 4901,Spec Prob-Computer Sci
CS 4902,Spec Prob-Computer Sci
CS 4903,Spec Prob-Computer Sci
CS 4911,Design Capstone Project
CS 4912,Design Capstone Project
CS 4980,Research Capstone Proj
CS 4XXX,Computer Sci Elective
CS 6010,Principles of Design
CS 6035,Intro To Info Security
CS 6150,Computing For Good
CS 6200,Graduate Intro to OS
CS 6210,Adv Operating Systems
CS 6220,Big Data Sys & Analytics
CS 6230,High Perf Parallel Comp
CS 6235,Real-Time Systems
CS 6238,Secure Computer Systems
CS 6241,Compiler Design
CS 6245,Parallelizing Compilers
CS 6246,Object-Oriented Systems
CS 6250,Computer Networks
CS 6255,Network Management
CS 6260,Applied Cryptography
CS 6262,Network Security
CS 6263,Intro Cyber Phys Sys Sec
CS 6265,Information Security Lab
CS 6266,Info Security Practicum
CS 6269,Formal Info Assur Model
CS 6280,Eval Communication Nets
CS 6290,High Perform Comput Arch
CS 6291,Embedded Software Opt
CS 6300,Software Dev Process
CS 6301,Adv Software Engineering
CS 6310,Software Arch & Design
CS 6320,Requirements Analysis
CS 6330,Software Generation&Test
CS 6340,Software Analysis & Test
CS 6365,Intro Enterprise Comput
CS 6390,Programming Languages
CS 6400,DB Sys Concepts& Design
CS 6402,Databases and Infosec
CS 6411,O-O Database Model & Sys
CS 6421,"Tempor,Spatial&Active DB"
CS 6422,Database System Implemnt
CS 6430,Parallel&Distributed DB
CS 6440,Intro Health Informatics
CS 6451,Human-Centered Computing
CS 6452,Prototyping Interact Sys
CS 6455,User Interface Dsgn&Eval
CS 6456,Principles-UI Software
CS 6457,Video Game Design
CS 6460,Educ Tech-Foundations
CS 6461,Computing Ed Research
CS 6465,Computational Journalism
CS 6470,Online Communities
CS 6471,Comp Social Science
CS 6474,Social Computing
CS 6475,Comp
CS 6476,Computer Vision
CS 6480,Comp Visualiz Techniques
CS 6485,Visual Meth-Sci & Engr
CS 6491,Computer Graphics
CS 6505,Computability&Algorithms
CS 6520,Computational Complexity
CS 6550,Design& Analy-Algorithms
CS 6601,Artificial Intelligence
CS 6670,Distrib Cntrl Algorithms
CS 6675,Advance Internet Comput
CS 6705,Applications of AI
CS 6725,Info Security Policies
CS 6726,Privacy Tech Policy Law
CS 6745,Info&Com Tech&Global Dev
CS 6750,Human-Computer Interact
CS 6753,HCI Prof Prep & Practice
CS 6754,Engr Database Mgt System
CS 6755,HCI Foundations
CS 6763,Design of Environments
CS 6764,Geometric Modeling
CS 6770,Mixed Reality Design
CS 6780,Medical Image Processing
CS 6795,Intro-Cognitive Science
CS 6998,HCI Master's Project
CS 6999,Master's Project
CS 6XXX,Computer Sci Elective
CS 7000,Master's Thesis
CS 7001,Grad Studies-Computing
CS 7110,Parallel Computer Arch
CS 7210,Distributed Computing
CS 7230,"Software Dsgn,Impl& Eval"
CS 7250,Broadband Networking Sys
CS 7260,Internet Arch& Protocols
CS 7270,Networked Apps&Services
CS 7280,Network Science
CS 7290,Adv
CS 7292,Reliable Secure Comparch
CS 7450,Inform Visualization
CS 7455,Issues/Human-Center Comp
CS 7460,Collaborative Computing
CS 7465,Edu Tech-Design and Eval
CS 7467,Comp Collaborative Learn
CS 7470,Ubiquitous Computing
CS 7476,Advanced Computer Vision
CS 7490,Adv Image Synthesis
CS 7491,3D Complexity
CS 7492,Simulation of Biology
CS 7495,Computer Vision
CS 7496,Computer Animation
CS 7497,Virtual Environments
CS 7499,3D Reconstruction
CS 7510,Graph Algorithm
CS 7520,Approximation Algorithms
CS 7525,Algorithmic Game Theory
CS 7530,Randomized Algorithms
CS 7535,Markov Chain Monte Carlo
CS 7540,Spectral Algorithms
CS 7545,Machine Learning Theory
CS 7560,Theory of Cryptography
CS 7610,Modeling and Design
CS 7611,AI Problem Solving
CS 7612,AI Planning
CS 7613,Knowledge Systems Engr
CS 7615,Knowledge Agents
CS 7616,Pattern Recognition
CS 7620,Case-Based Reasoning
CS 7626,Behavioral Imaging
CS 7630,Autonomous Robotics
CS 7631,Multi-Robot Systems
CS 7632,Game AI
CS 7633,Human-Robot Interaction
CS 7634,AI Storytell In Vir Wrld
CS 7636,Computational Perception
CS 7637,Knowledge-Based AI
CS 7640,Learning in Auton Agents
CS 7641,Machine Learning
CS 7642,Reinforcement Learning
CS 7643,Deep Learning
CS 7645,Num Machine Learning
CS 7646,Mach Learn For Trading
CS 7649,Robot Intelli: Planning
CS 7650,Natural Language
CS 7695,Phil of Cognition
CS 7697,Cognitive Model Sci&Tech
CS 7785,Intro Robotics Research
CS 7790,Cognitive Modeling
CS 7999,Prep-Doctoral Qual Exams
CS 8001,Seminar
CS 8002,Seminar
CS 8003,Seminar
CS 8004,Seminar
CS 8005,Seminar
CS 8006,Seminar
CS 8030,Software Engr Seminar
CS 8750,Robotics Research Fnd I
CS 8751,Robotics Research Fnd II
CS 8795,Colloquium-Cognitive Sci
CS 8801,Special Topics
CS 8802,Special Topics
CS 8803,Special Topics
CS 8804,Special Topics
CS 8805,Special Topics
CS 8806,Special Topics
CS 8893,Spec Top-Cognitive Sci
CS 8901,Special Problems
CS 8902,Special Problems
CS 8903,Special Problems
CS 8997,Teaching Assistantship
CS 8998,Research Assistantship
CS 8999,Doctoral Thesis Prep
CS 9000,Doctoral Thesis
